Keywords,Category
easy finance cars,Automotive Finance
small business loans bad credit startups - small business loans bad credit start ups,Business Finance
no credit check personal loans near me,Personal Loans
payday loan direct express card,Personal Loans
loans with bank account,Personal Loans
second chance car dealerships - 2nd chance car dealerships - second chance financing car dealerships - 2nd chance car dealership,Automotive Finance
can you open a bank account with no money,Personal Loans
used cars for people with bad credit,Bad Credit
i need a 500 dollar loan,Personal Loans
legit loan companies,Personal Loans
buy now pay later laptops no credit checks,Personal Loans
signature loan near me,Personal Loans
car dealers without credit check,Automotive Finance
wells fargo 500 credit score home loan,Home Finance
no credit needed furniture - furniture no credit needed,No Credit Credit Cards
100 dollar loans,Personal Loans
top credit unions in california,Personal Loans
same day loans bad credit direct lenders,Personal Loans
sky blue credit repair bbb,Credit Score
drivers loan,Personal Loans
fast cash 500,Money Advance
lowest interest payday loans,Personal Loans
loans for really bad credit - cash loans with poor credit - small loans for bad credit - small bad credit loans - bad credit personal loans online - cash loans for bad credit - easy personal loans for bad credit - real loans for people with bad credit - very bad credit loans - cash loans bad credit - small personal loan with bad credit - personal loan for poor credit - get a small loan with bad credit - personal loan with low credit score - loan offers for bad credit - bad credit small personal loans - small personal loans with poor credit - apply for a small loan with bad credit - loans with low credit scores - money to loan bad credit - low interest loan bad credit - personal loans with terrible credit - personal loans for challenged credit - loans with horrible credit - horrible credit loan - bad credit approval loans - money lenders for bad credit - loan sites for bad credit - cash loan for bad credit - personal loans for low credit - loan companies for bad credit - low credit lenders - personal loans low credit score - loans with low credit score - personal loans with poor credit score - money with bad credit - small loan with bad credit - loan companies for poor credit - personal loans for low credit scores - personal loan poor credit - personal loans with low credit score - loans poor credit - loans with poor credit score - get personal loan bad credit - low interest loans for bad credit - low interest loans bad credit - small loan bad credit - personal loans poor credit - any credit loans - loans for low credit score - personal loan with poor credit score - good loans for bad credit - cheap loans for bad credit - easy loans for bad credit - bad credit low interest loans - personal loan lenders for bad credit - private loans bad credit - financing for poor credit - loan companies that work with bad credit - small loan for bad credit - finance bad credit - personal small loans bad credit - loan low credit score - very poor credit loans - approved loans for bad credit,Bad Credit
easy payday loans near me,Personal Loans
personal loans while in chapter 7,Personal Loans
how to get a car off your credit,Personal Debt
car dealerships no money down no credit check,Automotive Finance
credit approval guaranteed,Bad Credit
does the earnin app work with chime,Personal Loans
cars for sale bad credit no money down,Automotive Finance
good buy here pay here car lots,Automotive Finance
540 credit score personal loan,Bad Credit
credit cards for small business with no credit - startup business credit cards with no credit - credit cards for new businesses with no credit history - small business credit cards no credit - small business credit cards no credit check - business credit cards for new business with no credit? - new business credit cards with no credit - business credit card no credit check - business credit card no personal credit check - startup business credit cards with no credit check - no credit check business credit cards - business credit card no credit - business credit cards no credit check - business credit cards for business with no credit - business credit cards for no credit - business credit card with no credit check,Business Finance
legit loan sites - legit online lenders,Personal Loans
cnac repo policy,Credit Advice
small loans online instant approval,Personal Loans
chime advance pay,Money Advance
how can i get 1500 dollars fast,Personal Loans
637 credit score car loan,Bad Credit
bad credit home loans ohio,Bad Credit
no down payment no credit check cars,Automotive Finance
e payday loan,Money Advance
best checking accounts for bad credit - best bank to open a checking account with bad credit - best bank account for poor credit,Bad Credit
car rental no credit check - cheap car rentals no credit check,Automotive Finance
unsecured credit cards for credit score of 600,Bad Credit
short term cash advance,Money Advance
safest cities to retire,Best Credit Cards
legacy bank card,Store Credit Cards
private loan companies,Personal Loans
new employment loans,Personal Loans
priority payday loan servicing llc,Personal Loans
same day personal loans for bad credit,Personal Loans
loans like moneykey,Personal Loans
debt.org reviews,Personal Debt
best title loans near me,Personal Loans
rent to own cars baton rouge,Automotive Finance
1000 loan no credit - 1000 personal loan no credit check,Personal Loans
545 credit score,Bad Credit
buy now pay later sites no down payment,Personal Loans
best quick loans online,Personal Loans
foreclosure refinance lenders,Home Finance
payday one loans,Personal Loans
america payday loans online,Money Advance
speedy cash requirements,Money Advance
wells fargo auto loan mileage limit,Automotive Finance
low credit car dealers,Automotive Finance
payday loan no direct deposit,Personal Loans
emergency cash loans for bad credit - bad credit small emergency loans,Personal Loans
does brigit work with chime,Business Finance
debt independence reviews,Personal Debt
pay advance companies,Money Advance
why is fico score lower than transunion,Credit Score
bad credit low down payment car,Automotive Finance
personal loans with no income,Personal Loans
remove hard inquiries from credit - how to remove hard inquiries from your credit - remove inquiries from credit report - how to get credit inquiry removed,Credit Score
apple financing bad credit,Bad Credit
can you get a car loan with no credit - can i get a car loan with no credit - can i get a car loan with no credit history,Automotive Finance
12 year car loan,Personal Loans
how to consolidate payday and installment loans - how to pay off multiple payday loans,Personal Debt
personal loan lenders that work with chapter 13,Personal Loans
personal loan no tax return,Personal Loans
e loans reviews - is e loans legit,Personal Loans
30 day loan,Personal Loans
government car loans for low income,Personal Loans
financial gym reviews,Credit Advice
is advantage auto loans legit,Personal Loans
low deposit credit card,Starter Credit Cards
personal loans online instant approval,Personal Loans
wipe my credit clean for free,Credit Advice
computer no credit check,No Credit Credit Cards
federal loans without cosigners - private loans without a cosigner - student loan without cosigner or credit,Personal Loans
all payday loans,Money Advance
credit card with 5000 limit,Credit Card Limits
sunny day fund,Credit Advice
post bankruptcy personal loans,Personal Loans
easy financing furniture,Personal Loans
how does dave work,Credit Advice
same day loan apps - apps that loan you money same day,Personal Loans
easy to get fuel cards,Gas Credit Cards
free fico 9 score,Credit Score
medical credit for bad credit,Bad Credit
home loan after foreclosure - loan after foreclosure - buying a home after foreclosure,Home Finance
no credit check furniture store,Store Credit Cards
attorney credit repair,Credit Advice
best unsecured credit card to rebuild credit,Bad Credit
cash advance loan companies,Personal Loans
unemployment benefit loans,Personal Loans
acecash express,Money Advance
car loan pre approval no credit impact,Automotive Finance
credit repair form letters - fair credit act dispute letter,Credit Score
section 611 dispute letter,Credit Advice
how to get financing for a car with no credit - how to finance a car with no credit - how to get a car with no credit - how to buy a car with no credit - can you finance a car without credit,Automotive Finance
subprime mortgage lenders,Home Finance
legit cash advance,Money Advance
how much does a prepaid card cost,Store Credit Cards
30 day loans,Personal Loans
credit repair letters that work - credit repair sample letters,Credit Advice
can you buy a car with a 600 credit score,Automotive Finance
car loan for average credit score - auto loan by credit score,Automotive Finance
car lease no credit check,Automotive Finance
how to remove auto loan from credit report,Credit Score
why is my transunion score lower than my fico,Credit Score
buy now pay later jewelry no credit check,Store Credit Cards
income based loans,Personal Loans
kohls credit card limit,Credit Card Limits
prepaid card with no monthly fees,No Credit Credit Cards
applying for credit card with no income,No Credit Credit Cards
cash in minutes,Money Advance
opencashadvance,Money Advance
pay to fix your credit score,Credit Score
fha loan with bad credit and no money down,Bad Credit
rent to own car dealership,Automotive Finance
bad credit mortgage florida,Bad Credit
home loans for low income families,Home Finance
whats an average credit score - whats average credit score - average credit scores - what's the average credit score - whats the average credit score - what's an average credit score - credit scores average,Credit Score
guaranteed financing car dealerships,Automotive Finance
fastest payday loan online,Money Advance
ace loan,Personal Loans
easy approval car lots,Automotive Finance
direct lender guaranteed approval loans,Personal Loans
auto loan bad credit online,Bad Credit
department store credit card pre approval,Store Credit Cards
disability loan,Personal Loans
chime payday,Money Advance
payday loan in minutes,Personal Loans
furniture financing no credit,Personal Loans
secured credit card $49 deposit,Starter Credit Cards
installment loans in ga - installment loans georgia,Personal Loans
older truck financing,Automotive Finance
does lendingtree do a hard pull,Personal Loans
open credit union account online no deposit,Personal Loans
how to buy a car at 18,Automotive Finance
is drivetime down payment true,Automotive Finance
companies like rise credit,Personal Loans
bank accounts online no opening deposit - bank account no deposit,Business Finance
easiest place to get a personal loan,Personal Loans
best no credit check secured credit card,No Credit Credit Cards
secure speedy loans reviews - secure speedy loans review - speedy loans reviews,Personal Loans
getcreditscore,Credit Score
chime checking account reviews - chime account reviews - chime debit card reviews - chime card reviews,Credit Advice
i need a credit card fast,Starter Credit Cards
how to get emergency cash,Money Advance
credit cards for no credit students - student credit cards no credit - student credit cards for no credit,Starter Credit Cards
preapproval auto loans - preapproved car loans - preapproved auto loan - preapproval for car loan - car loan preapproval,Automotive Finance
loans like money key,Personal Loans
financial gym review,Credit Advice
how to cancel a dispute on credit karma,Credit Score
loan without income,Personal Loans
open door loans,Personal Loans
how accurate is the fico score - how accurate is fico score,Credit Score
how long does it take to fix credit - how long does it take to repair your credit - how long to repair credit,Credit Score
instant loans online for bad credit,Personal Loans
easy payday loan online,Money Advance
typing tastic,Credit Advice
help clean up credit,Credit Advice
no credit payday loans near me,Personal Loans
credit score chart 2021,Credit Score
loans in florida,Personal Loans
lrm leasing down payment,Automotive Finance
ovation credit login,Major Bank Credit Cards
credit repair orlando fl,Credit Advice
speedy cash personal loan,Personal Loans
used car no money down - cars no down payment - cars with no down payment - buy a car no money down - car dealership no down payment,Automotive Finance
can i buy a car at 18,Automotive Finance
debt relief center.org reviews,Personal Debt
how does direct express emergency cash work,Money Advance
24/7 payday loans,Personal Loans
online loans instant approval bad credit,Personal Loans
bad credit loans for military - personal loans military bad credit,Personal Loans
carlotta credit inventory,Personal Loans
debtcamel,Personal Debt
bad credit no credit cars for sale,Bad Credit
loan companies in ohio,Personal Loans
real online loan companies,Personal Loans
third party car financing - 3rd party auto financing - private party auto loans - private party auto loan - private seller auto loans - auto loan for private seller,Automotive Finance
student loans for 18 year olds,Personal Loans
quick fast easy loans,Personal Loans
fast loan direct reviews bbb,Personal Loans
banks that offer wedding loans,Personal Loans
immediate approval loans,Personal Loans
nationwide debt reduction services scam,Personal Debt
lawn mower financing near me,Automotive Finance
walmart credit card minimum payment,Store Credit Cards
fake credit score,Credit Score
direct lender installment loans california,Personal Loans
mortgage lender low credit score,Bad Credit
need cash fast,Money Advance
transunion rating - credit scores transunion,Credit Score
irs earned income credit table,Credit Advice
will a car loan hurt my credit - how much does a car loan affect your credit score - will buying a car hurt my credit,Credit Score
debit card overdraft service,Major Bank Credit Cards
credit rating bureaus,Credit Score
how to use cash credit line,Credit Card Limits
how to use alaska airlines credit,Airline Credit Cards
how to use credit,Credit Advice
activate alaska airlines credit card,Airline Credit Cards
2019 earned income credit table,Business Finance
pay utilities with credit card,Major Bank Credit Cards
mastercard world card,Major Bank Credit Cards
pay vs credit card,Major Bank Credit Cards
cell phone credit check,Credit Score
shell federal credit union credit card,Major Bank Credit Cards
trucking business loans bad credit,Business Finance
card reader mobile - mobile card reader,Business Finance
examples of installment credit,Personal Loans
credit union auto refinance - credit union car refinance - credit union refinance auto loan - refinance auto loan credit union,Automotive Finance
credit reader,Credit Card Benefits
the build card,Store Credit Cards
how much line of credit should i have,Credit Card Limits
credit checking services,Credit Score
how to get a 780 credit score,Credit Score
25 apr credit card,Credit Card Benefits
buy or sell gift cards,Store Credit Cards
show credit card reviews,Credit Advice
social security card lookup,Credit Advice
netspend card reviews - netspend prepaid card reviews,Credit Advice
suncoast credit union interest rates,Personal Loans
national credit counseling,Credit Advice
how to withdraw money from debit card,Business Finance
big lots credit login - big lots credit card sign in,Store Credit Cards
what is the discover it card,Major Bank Credit Cards
how many chase cards can you have - how many chase credit cards can i have,Credit Card Limits
benefits of american airlines credit card,Airline Credit Cards
no credit check mortgage loans - mortgage loan no credit check,Home Finance
credit checking services for businesses - business credit report service,Business Finance
sba disaster loan credit score,Personal Loans
bank of america metal card - bank of america metal credit card,Major Bank Credit Cards
amazon prime day credit,Store Credit Cards
ira credit,Business Finance
what does it mean for a credit to transfer,Personal Loans
how much is a prepaid visa card,Starter Credit Cards
credit return,Credit Advice
ann taylor credit card payment - pay ann taylor credit card,Store Credit Cards
where can i use my fortiva credit card,Store Credit Cards
auto loans for students with bad credit,Personal Loans
credit score for victoria secret card,Store Credit Cards
taking credit card payments over the phone regulations,Credit Card Benefits
a credit bureau,Credit Score
centra credit card,Store Credit Cards
united miles for gift cards,Airline Credit Cards
can you have a 700 credit score with late payments,Credit Score
580 credit score lenders,Bad Credit
can you buy land with a credit card - buy land with credit card,Personal Loans
canadian credit card in usa,Airline Credit Cards
citizens credit card rewards,Credit Card Benefits
flexpay card,Store Credit Cards
best bank secured credit card,Best Credit Cards
amex business card requirements,Business Finance
booking credit card,Store Credit Cards
opening a line of credit,Major Bank Credit Cards
how to do a cash advance on a credit card - how to get credit card cash advance - can i get a cash advance on my credit card - how to take cash advance on credit card - how to get a credit card cash advance,Money Advance
credit one bank payment processing,Business Finance
state employees credit union checking account,Business Finance
personal capital apple card,Store Credit Cards
state employees credit union bank,Major Bank Credit Cards
quickbooks card reader fees,Business Finance
best used car loan rates excellent credit,Automotive Finance
how does target debit card work - how does the target debit card work,Credit Card Benefits
credit card in credit,Major Bank Credit Cards
credit card debt ratio,Personal Debt
does a background check include a credit check - is a credit check part of a background check - does background check include credit check,Credit Score
how to get a credit card for free,Starter Credit Cards
how many digits in amex card - how many numbers on amex card - amex card digits,Credit Card Benefits
731 credit score,Credit Score
how to enter credit card payments in quickbooks online,Business Finance
not for profit credit counseling services - not for profit credit counseling,Credit Advice
electric cars tax credit,Automotive Finance
how to take advantage of good credit,Credit Card Benefits
citi card bonus - citibank credit card bonus - citi credit card bonus offers,Major Bank Credit Cards
does merrick bank increase credit limit - does merrick bank give credit increases,Credit Card Limits
how to start a business with no money and bad credit,Business Finance
all credit card,Major Bank Credit Cards
allowance credit card,Credit Card Benefits
what is this charge on my debit card,Major Bank Credit Cards
buy prepaid cards - buy prepaid card,Store Credit Cards
can i use a credit card on paypal,Major Bank Credit Cards
can you use affirm with no credit,No Credit Credit Cards
american express business platinum card benefits - amex platinum business card benefits - american express platinum business card benefits,Credit Card Benefits
how to get 800 credit score in 45 days,Credit Score
does sezzle report to credit bureaus,Credit Score
sofi loans credit requirements,Personal Loans
zip visa card,Store Credit Cards
desert schools federal credit union,Business Finance
how to take cash out of credit card - how to use credit card to get cash,Money Advance
walmart money card bank name,Store Credit Cards
your parents have 3 credit cards,Major Bank Credit Cards
saving credit card,Major Bank Credit Cards
credit card brand,Major Bank Credit Cards
credit karma credit lock,Credit Score
amex platinum card lounge access,Credit Card Benefits
jet blue rewards card,Airline Credit Cards
no credit check personal loans 3000,Personal Loans
discover it rewards card,Credit Card Benefits
aspire credit card review,Credit Card Benefits
amazon prime charge card,Store Credit Cards
united airlines credit card free baggage,Airline Credit Cards
tax credits and incentives,Business Finance
pin number on debit card,Major Bank Credit Cards
chase credit card insurance,Major Bank Credit Cards
cd secured line of credit,Personal Loans
easy visa credit cards to get,Starter Credit Cards
getting a credit card and not using it,No Credit Credit Cards
chase doctor of credit,Credit Advice
free annual credit report california,Credit Score
credit card formula,Credit Card Benefits
chase credit card daily spending limit,Credit Card Limits
best things to use credit card for,Credit Card Benefits
how many debit cards can you have,Credit Card Limits
schwab card,Major Bank Credit Cards
kids prepaid cards,Starter Credit Cards
american express gold card customer service,Credit Card Benefits
reasons to get a credit card,Credit Card Benefits
old navy gap credit card,Store Credit Cards
passport credit card,Major Bank Credit Cards
how to use my cash app card - how to use a cash card,Credit Advice
does freezing credit card affect score,Credit Score
pros and cons of having a credit card,Credit Card Benefits
residential energy credit cap for solar panels,Home Finance
opening too many credit cards at once,Credit Score
citizens bank home equity line of credit rates,Home Finance
what is zip on credit card - credit card zip,Major Bank Credit Cards
travel card benefits,Credit Card Benefits
credit card or debit card abuse,Credit Advice
indigo credit card pay my bill,Store Credit Cards
infinite cards,Credit Card Limits
transfer money from paypal to credit card,Money Advance
credit check rental,Credit Advice
$500 loan no credit check,Personal Loans
sears credit card credit score,Store Credit Cards
how to use amazon store card rewards,Store Credit Cards
amex business line of credit - amex business credit line,Business Finance
current visa card,Major Bank Credit Cards
which credit reporting agency is the best,Credit Score
used car credit,Automotive Finance
618 credit score,Credit Score
how much is a new social security card - how much to replace social security card,Personal Loans
wells fargo card benefit services,Credit Card Benefits
734 credit score - is 734 a good credit score,Credit Score
black card no limit,No Credit Credit Cards
what credit score does carmax use,Credit Score
best credit reporting,Credit Score
credit reports for rental applicants,Credit Score
how to redeem southwest rapid rewards points for gift cards,Airline Credit Cards
late mortgage payment credit score,Bad Credit
educational opportunity tax credit,Credit Card Benefits
credit audit,Credit Advice
texas liability insurance card,Automotive Finance
can you get a loan with no credit history?,Personal Loans
can i pay my lease with a credit card,Major Bank Credit Cards
lafcu credit card,Major Bank Credit Cards
caesars credit card payment,Major Bank Credit Cards
best buy credit card discount,Store Credit Cards
store reward cards,Store Credit Cards
transunion minor credit freeze,Credit Score
how to become a credit card scammer,Credit Advice
amazon credit card easy to get,Starter Credit Cards
good starting credit score,Credit Score
making greeting cards to sell,Business Finance
total card visa activation - total card visa activate,Major Bank Credit Cards
care credit monthly payments - care credit payment plans,Personal Loans
should i pay off my credit card before the statement - if i pay credit card before statement,Credit Card Benefits
credit card safety tips,Credit Advice
using wells fargo debit card internationally - wells fargo international debit card,Major Bank Credit Cards
paypal vs paypal credit,Credit Card Benefits
how to stop hard inquiries on credit report,Credit Score
secured credit card no credit - no credit secured credit card,No Credit Credit Cards
does a car lease affect your credit,Automotive Finance
luxury card benefits,Credit Card Benefits
doordash chase card,Store Credit Cards
"business loans no income, bad credit",Business Finance
can i apply for the same credit card twice,Major Bank Credit Cards
trans credit,Major Bank Credit Cards
american express credit card rules,Major Bank Credit Cards
explorer cards,Store Credit Cards
tesla tax credit form,Automotive Finance
southwest chase cards,Airline Credit Cards
state property tax credit,Home Finance
prepaid maestro card,Store Credit Cards
wyndham rewards card,Airline Credit Cards
business visa cards,Business Finance
how to do a credit check on a renter - how to check credit for renters,Credit Advice
credit card scam calls - credit card call scams - credit card phone scams - scam credit card calls - credit card phone scam,Credit Advice
what are credit card miles,Airline Credit Cards
discover card for building credit,Starter Credit Cards
kohler credit union credit card,Credit Card Benefits
champs credit card,Store Credit Cards
no u infinite card,No Credit Credit Cards
sam's club credit card gas rewards,Gas Credit Cards
bitcoin visa card,Money Advance
credit card protection companies,Credit Advice
forbearance credit score - does forbearance hurt your credit score - forbearance affect credit score,Credit Score
credit card for auto repair,Automotive Finance
indigo card account,Store Credit Cards
how much money can you put on a prepaid visa card,Credit Card Limits
gap credit card application,Store Credit Cards
how to get a 700 credit score - how to get 700 credit score,Credit Score
paying utilities with credit card,Major Bank Credit Cards
serve amex card,Major Bank Credit Cards
personal loan through credit union,Personal Loans
the card bay,Store Credit Cards
how long do defaulted student loans stay on credit report,Credit Score
delta reserve card mqm,Airline Credit Cards
us bank credit card promotions - us bank credit card interest rate,Major Bank Credit Cards
carters card - carter's card,Store Credit Cards
paypal credit card vs paypal credit,Major Bank Credit Cards
discover credit card travel benefits,Credit Card Benefits
what is the best credit union in florida,Credit Advice
cerulean card activation,Credit Card Benefits
business credit reporting agencies,Business Finance
how does applying for a credit card work,Credit Card Benefits
playstation credit card apply,Store Credit Cards
experian credit report number,Credit Score
best uk credit card for travel,Airline Credit Cards
sydney credit union,Business Finance
bofa preferred rewards credit card,Major Bank Credit Cards
load prepaid card with checking account,Personal Loans
capital one classic card,Major Bank Credit Cards
passport card usage,Credit Advice
delta community credit union reviews,Credit Card Benefits
spark card rewards,Credit Card Benefits
prepaid credit cards free,Starter Credit Cards
card terminal,Credit Card Benefits
disneyland credit card,Store Credit Cards
best ways to fix bad credit,Bad Credit
brooks brother credit card login,Store Credit Cards
synchrony home design card - synchrony home design credit card,Store Credit Cards
navy federal cards,Major Bank Credit Cards
pay ae credit card,Major Bank Credit Cards
american airlines travel credit card - aa travel card,Airline Credit Cards
pay myself with a credit card,Money Advance
do credit card thieves get caught,Credit Advice
discover secured card graduation - discover secured card graduate,Starter Credit Cards
credit v debit,Credit Card Benefits
name too long for credit card,Major Bank Credit Cards
help for bad credit,Bad Credit
citibank closed my credit card,Major Bank Credit Cards
can you transfer points between amex cards,Major Bank Credit Cards
is a credit card secured or unsecured debt,Personal Debt
portable credit card reader,Business Finance
united airlines credit card referral bonus,Airline Credit Cards
pay big lot credit card,Credit Card Limits
target red card credit limit,Credit Card Limits
what is the chime credit builder card - what is credit builder on chime,Starter Credit Cards
how to lock my experian credit report for free - how to lock credit with experian,Credit Score
care credit rewards,Credit Card Benefits
credit vs loan,Personal Loans
citibank gift card - citi gift cards - citi gift card,Store Credit Cards
visa real rewards card,Major Bank Credit Cards
card reader for cell phone,Personal Loans
payment credit card - credit card pay,Major Bank Credit Cards
3 credit,Starter Credit Cards
discover card money market,Major Bank Credit Cards
chase amazon credit card travel benefits,Airline Credit Cards
best credit cards for real estate investors,Business Finance
how to use credit cards to travel for free - how to travel for free with credit cards,Airline Credit Cards
free credit report with account numbers,Credit Score
best credit cards elite,Best Credit Cards
where can i use care credit - where can i use my carecredit card - where can i use my carecredit card at - care credit where can i use it,Store Credit Cards
global entry cards,Airline Credit Cards
companion cards,Store Credit Cards
visa cash back card - visa credit card with cash back,Credit Card Benefits
affinity credit union saskatchewan,Personal Loans
how do credit card consolidation loans work,Personal Loans
how many times can you claim american opportunity credit,Credit Advice
gas cards shell,Gas Credit Cards
american airlines aviator card benefits,Airline Credit Cards
united explorer card club passes,Airline Credit Cards
contact credit reporting agencies,Credit Score
3 bedroom no credit check,Home Finance
costco citi card roadside assistance,Credit Card Benefits
best credit card for american airline points,Airline Credit Cards
chase secured business credit card,Business Finance
credit forgiveness program,Credit Score
jetblue plus card points,Airline Credit Cards
gas savings card,Gas Credit Cards
credit unions open to the public,Business Finance
credit card processor vs gateway,Business Finance
m credit card,Major Bank Credit Cards
bank of america alaska airlines credit card foreign transaction fee,Airline Credit Cards
travel debit cards,Credit Card Benefits
free visa credit card,Credit Card Benefits
what does a credit score of 4 mean,Credit Score
southwest airlines credit card payment,Airline Credit Cards
apple card family sharing,Store Credit Cards
jcpenney store credit card,Store Credit Cards
total credit card phone number,Major Bank Credit Cards
what bank does macy's credit card use - who issues macy's credit card,Store Credit Cards
can you get cash back on a gift card,Store Credit Cards
transunion annual credit report,Credit Score
cibc credit card services,Major Bank Credit Cards
my bj's card,Store Credit Cards
unsecured line of credit rates,Business Finance
which method for calculating a credit card,Credit Card Benefits
evergreen credit card,Major Bank Credit Cards
transunion phone number to unfreeze credit,Credit Score
is a visa gift card a prepaid card,Credit Advice
credit union 1 reviews,Credit Advice
credit card swipe machine,Credit Card Benefits
mortgage tax credit,Home Finance
usaa classic platinum visa card,Major Bank Credit Cards
credit freeze prevent identity theft,Credit Advice
credit cards for free,No Credit Credit Cards
kroger credit card pre approval,Store Credit Cards
credit score for affirm,Credit Score
fortiva line of credit,Personal Loans
credit card machine for android phone,Credit Card Benefits
onsite manager inc credit inquiry,Business Finance
selfhelp credit union,Personal Loans
citi premier card metal,Airline Credit Cards
paypal credit vs,Major Bank Credit Cards
amex open card,Major Bank Credit Cards
freeze discover card,Major Bank Credit Cards
cash secured credit card,No Credit Credit Cards
discover it chrome card interest rate,Low Interest Credit Cards
what to do with high credit score,Credit Score
what's a line of credit - What's a line of credit?,Credit Card Limits
understanding credit report,Credit Score
apple pay credit cards,Store Credit Cards
black platinum credit card,Major Bank Credit Cards
fha no credit score requirement,No Credit Credit Cards
how to avoid credit card annual fee,Credit Card Benefits
best status credit cards,Best Credit Cards
canada air credit card,Airline Credit Cards
how to update credit score,Credit Score
accepting credit cards can be useful to small businesses by,Business Finance
free instant credit report,Credit Score
credit builder credit card,Starter Credit Cards
heritage federal credit union rewards,Credit Card Benefits
chase united card referral,Airline Credit Cards
apartment for rent near me no credit check,Home Finance
credit cards with cash back and no annual fee,Credit Card Benefits
tradelines for personal credit,Credit Score
transunion credit dispute form,Credit Score
why freeze your credit - why freeze credit reports,Credit Advice
household credit,Home Finance
how to open a business credit file - opening a business credit file,Business Finance
credit scam,Credit Score
interest rate on amazon credit card - amazon credit card interest,Credit Card Benefits
birch lane credit card,Store Credit Cards
portfolio line of credit,Business Finance
amex gold card foreign transaction fee,Major Bank Credit Cards
rental credit report,Credit Score
chase disney cards - chase disney credit cards,Store Credit Cards
transunion credit reporting,Credit Score
what are the benefits of having an amazon credit card,Credit Card Benefits
suncoast credit unions,Personal Loans
income tax after credits - what are federal credits,Credit Card Benefits
cvs prepaid debit cards,Store Credit Cards
liquor card,Store Credit Cards
line of credit like elastic,Credit Card Limits
grow credit union,Personal Loans
debit card with routing number,Personal Loans
first savings credit card increase,Credit Card Limits
verge credit card,Store Credit Cards
which credit card is best for beginners,Starter Credit Cards
what happens if you don't activate a debit card,Personal Loans
10k in credit card debt - 10k credit card debt - 10000 credit card debt,Personal Debt
can you use tj maxx credit card at marshalls,Store Credit Cards
can you pay to fix your credit score,Bad Credit
aadvantage aviator cards,Airline Credit Cards
care dental card,Store Credit Cards
amex platinum charge card,Airline Credit Cards
credit card late payment forgiveness,Credit Card Benefits
give credit card info over phone,Credit Card Benefits
will returning car affect credit,Credit Score
get credit,Personal Loans
making big purchases on credit card,Personal Debt
apply now credit,Personal Loans
buy cryptocurrency credit card,Money Advance
car x credit card login,Major Bank Credit Cards
fair credit reporting act dispute letter - credit repair letter samples,Credit Score
hawaiian airlines visa card,Airline Credit Cards
micro credits,Personal Loans
cy-fair federal credit union,Business Finance
what are retail credit cards,Store Credit Cards
is capital one platinum a secured credit card,Starter Credit Cards
my credit card is restricted,Credit Card Limits
exchange credit,Credit Card Benefits
best buy credit card in store,Store Credit Cards
audible 2 credits a month,Credit Card Benefits
harley credit,Automotive Finance
credit 700,Credit Card Limits
best starter credit card uk,Starter Credit Cards
funny credit card numbers,Credit Advice
pink discover card,Store Credit Cards
how to stop using credit cards,Personal Debt
what bank is apple card,Credit Card Benefits
rewards debit cards,Credit Card Benefits
national bank card processing reviews,Credit Card Benefits
credit card was stolen and used,Credit Card Benefits
credit score for best mortgage rate,Credit Score
can i use student loans to pay credit card,Personal Loans
free credit report that doesn't hurt credit,Credit Score
best gas card to build credit,Gas Credit Cards
apple credit card details,Store Credit Cards
passport cards for minors,Other
poynt credit card machine,Business Finance
773 credit score,Credit Score
capital one downgrade card,Major Bank Credit Cards
chase bonus credit card,Major Bank Credit Cards
temporary credit card online - temporary payment card - temporary card for online purchases - temporary credit card for online purchases,Store Credit Cards
how long does chase take to approve credit card,Major Bank Credit Cards
how to credit card,Credit Advice
best business visa credit card,Business Finance
chase one card,Store Credit Cards
build card credit card,Store Credit Cards
how to identify credit card transaction,Credit Advice
discover card upgrade,Major Bank Credit Cards
trumark credit card,Store Credit Cards
what is a gold card,Credit Card Benefits
new york yankees credit card,Store Credit Cards
credit unions that use zelle,Personal Loans
shell gas saver card,Gas Credit Cards
credit card transaction not showing up as pending,Credit Advice
53 credit cards - 53 credit card,Major Bank Credit Cards
barclay balance transfer card,Major Bank Credit Cards
should i pay off my credit card after every purchase,Credit Card Benefits
best chase credit card for beginners,Starter Credit Cards
1st tech credit union,Personal Loans
calculator credite,Business Finance
credit settlements,Personal Debt
should i accept a pre approved credit card,Starter Credit Cards
credit unions in usa,Business Finance
does pay in 4 affect credit,Credit Score
priority verification card,Credit Card Benefits
how long do credit cards stay on your credit report,Credit Score
the black card credit card,Store Credit Cards
ghost credit card,Bad Credit
where can i go with a passport card,Credit Advice
navy federal credit score requirements for personal loan,Personal Loans
how much is the american opportunity credit,Credit Advice
bank of america rewards credit cards,Major Bank Credit Cards
best credit cards for veterans,Best Credit Cards
discover it card promotions,Credit Card Benefits
capital one small business line of credit,Business Finance
can credit cards garnish your wages - can a credit card company garnish wages - credit card garnishment,Credit Advice
cvv on american express card,Major Bank Credit Cards
unlimited credit reports,Credit Score
credit card for bankruptcy,Bad Credit
credit card security number,Credit Advice
what does fico credit score stand for,Credit Score
experience credit report,Credit Score
cards with money on them,Money Advance
td bank debit card foreign transaction fee - td bank debit card international fees,Major Bank Credit Cards
credit cards with free amazon prime,Credit Card Benefits
renewable tax credit,Business Finance
what bills can you pay with a credit card,Credit Card Benefits
fidelity credit card offers,Credit Card Benefits
prepaid debit cards for teens,Starter Credit Cards
how much does credit utilization affect credit score,Credit Score
what is credit tradelines,Credit Score
is passport card valid id,Credit Advice
net credit interest rates,Low Interest Credit Cards
eastman credit union credit card,Credit Card Benefits
does paid in full increase credit score,Credit Score
apple card paypal,Store Credit Cards
mortgages for people with bad credit but have a good job,Bad Credit
credit a,Credit Advice
best international bank card,Major Bank Credit Cards
transunion credit freeze login,Credit Score
golf credit cards,Store Credit Cards
request a credit line increase,Credit Card Limits
jal credit card usa,Major Bank Credit Cards
credit reports for tenants,Credit Score
erasing credit,Credit Score
proprietary card,Store Credit Cards
how to set up a credit card,Credit Card Benefits
toyota credit card apply,Automotive Finance
capital credit union credit card,Major Bank Credit Cards
10 credit cards,Major Bank Credit Cards
police and fire credit union credit card,Credit Card Benefits
best credit websites,Best Credit Cards
business with bad credit,Bad Credit
open line of credit,Credit Card Limits
america first credit union reviews,Credit Card Benefits
sheraton credit card,Store Credit Cards
lowes card benefits - lowes credit card benefits,Store Credit Cards
where can i use a shell gas card,Gas Credit Cards
credit card writer software hack,Credit Advice
default card,Store Credit Cards
do rental applications affect credit score - do apartment credit checks hurt your credit score,Credit Score
direct deposit credit card,Business Finance
secured credit card united states,Starter Credit Cards
capital one co sign credit card,Major Bank Credit Cards
payment card and third party network transactions,Major Bank Credit Cards
what are credit reporting agencies,Credit Score
dispute on credit card,Credit Advice
can you pay credit card with cash - pay credit card with cash,Credit Card Benefits
bad credit visa card,Bad Credit
chase free credit card,No Credit Credit Cards
late rent credit score,Credit Score
610 credit score auto loan,Automotive Finance
best credit cards for restaurant owners,Business Finance
carter credit,Major Bank Credit Cards
benefits of credit union,Credit Card Benefits
car credit login,Automotive Finance
walgreens credit card login,Store Credit Cards
disney world credit card offers,Airline Credit Cards
credit card for churches,Business Finance
visa credit card cvv number,Major Bank Credit Cards
things to use credit card for,Major Bank Credit Cards
aviator business card login,Business Finance
credit union used car loan rates,Automotive Finance
care credit synchrony pay bill,Store Credit Cards
wave accounting credit card fees,Business Finance
american eagle credit card application status,Store Credit Cards
does applying for a car loan hurt your credit,Credit Score
when do i get a credit score,Credit Score
bb credit card,Store Credit Cards
amazon credit card instant approval,Major Bank Credit Cards
car for bad credit,Bad Credit
how long does a foreclosure affect your credit,Credit Score
care card application,Major Bank Credit Cards
does carvana report to credit bureaus,Credit Score
app credit card processing,Business Finance
remitly credit card,Major Bank Credit Cards
paypal friends and family credit card,Major Bank Credit Cards
capital one no annual fee credit card,No Credit Credit Cards
elavon credit card,Major Bank Credit Cards
childcare tax credit calculator,Credit Advice
is credit card arena legit - credit card arena scam,Credit Advice
top up credit card,Credit Advice
best credit union in florida,Personal Loans
online banking debit card,Business Finance
iberia cards,Airline Credit Cards
what your credit score says about you,Credit Score
get a card,Store Credit Cards
credit cards for 640,Bad Credit
barclays hawaiian airlines credit card,Airline Credit Cards
best chase credit card sign up bonus,Best Credit Cards
homes for rent without credit check,Home Finance
old navy credit card cash advance,Store Credit Cards
medicare part d card,Credit Advice
chase business card rewards,Credit Card Benefits
chase sapphire card lounge access,Airline Credit Cards
can you get a credit card before 18,Starter Credit Cards
credit cards not working,Credit Card Limits
prepaid euro card,Airline Credit Cards
blaze credit card payment,Store Credit Cards
line of credit vs heloc,Personal Loans
cash to cards,Money Advance
security service credit union reviews,Credit Advice
why are debit cards bad,Credit Card Benefits
mileageplus gift cards - united mileageplus gift cards,Airline Credit Cards
chase credit card airport lounge - chase credit card lounge access - chase credit card airport lounge access,Airline Credit Cards
credit score needed for jetblue credit card - jetblue credit card credit score,Credit Score
credit score to buy a house in florida,Home Finance
what is my credit rating,Credit Score
my target card,Store Credit Cards
get credit card numbers,Credit Card Benefits
business credit monitoring,Business Finance
cerulean credit card application status,Major Bank Credit Cards
how to get goodrx card - get goodrx card,Credit Advice
does credit limit reset every month,Credit Card Limits
debt consolidation that doesn't hurt credit,Personal Debt
how to get a loan with 500 credit score,Personal Loans
gesa credit card,Gas Credit Cards
wheelworks credit card,Store Credit Cards
passport card post office,Personal Loans
chase gift card deals,Store Credit Cards
tesla state tax credit,Automotive Finance
chase credit card bonuses,Credit Card Benefits
bank of america corporate travel card,Business Finance
application for credit,Major Bank Credit Cards
gm visa card,Major Bank Credit Cards
trueidentity credit freeze,Credit Score
how long does serious delinquency stay on credit report,Credit Score
harvard credit card,Major Bank Credit Cards
different types of cards,Store Credit Cards
best chase hotel credit card,Airline Credit Cards
accept credit cards anywhere,Major Bank Credit Cards
apply for bj's credit card,Store Credit Cards
yamaha credit card webbank,Store Credit Cards
merrick bank secured card reviews,Credit Card Benefits
af credit card,Major Bank Credit Cards
can you pay for car insurance with a credit card,Major Bank Credit Cards
starter credit card capital one,Starter Credit Cards
capital one link credit card,Major Bank Credit Cards
credit calculators,Credit Advice
credit building products,Starter Credit Cards
paya credit card processing,Business Finance
loans for all types of credit,Personal Loans
lowest credit score for fha,Credit Score
green dot card frauds,Credit Advice
best prepaid cards at walmart,Store Credit Cards
can you use apple card anywhere - can i use my apple card anywhere,Major Bank Credit Cards
credit background,Credit Score
store card payment for amz,Store Credit Cards
penfed rewards card - penfed credit card rewards,Credit Card Benefits
the home credit card,Home Finance
never received passport card,Personal Loans
how to get all 3 credit reports - how to get credit reports from all three bureaus - how to get all three credit reports - get credit report from all 3 bureaus - how do i get all 3 credit reports - how to get a credit report from all 3 agencies - how to get credit report from all 3 bureaus,Credit Score
credit builder accounts like self,Starter Credit Cards
gm card rebates,Credit Card Benefits
credit sc,Credit Score
housing for bad credit,Bad Credit
places to rent no credit check,Personal Loans
credit settlement,Personal Debt
credit lending companies,Personal Loans
best buy credit card terms and conditions,Store Credit Cards
653 credit score,Credit Score
low credit auto dealers,Bad Credit
best credit score to refinance a car,Automotive Finance
autism tax credit - disabled child tax credit - special needs tax credit,Credit Card Benefits
chase freedom rewards credit card,Major Bank Credit Cards
what can make your credit score go down,Credit Score
how to apply for a credit card with bad credit,Bad Credit
alliant credit union overdraft fees,Personal Debt
british airways credit card promotion,Airline Credit Cards
hsa credit,Starter Credit Cards
does the irs take credit cards - does irs accept credit cards,Major Bank Credit Cards
paypal card reader fees,Business Finance
